{
    "A1": 0.016408288614588006,
    "A2": 0.9865453075778385,
    "C1": 0.4056350092542843,
    "C2": -5.416621989364509
}