{
    "A1": 0.05240050853928687,
    "A2": 1.032919168889909,
    "C1": 0.4486829373088165,
    "C2": -4.5003316254551935
}