{
    "A1": 1.3061574267411227e-09,
    "A2": 0.9796094456665939,
    "C1": 4.8371849461522585,
    "C2": -1.6723258813323343
}