{
    "A1": 0.001864354968843929,
    "A2": 0.9654603373753841,
    "C1": 0.47844344273833217,
    "C2": -6.2980873920500375
}