{
    "A1": 0.04377062048307144,
    "A2": 0.04702670997879123,
    "C1": 784.3647298404477,
    "C2": 3744.7357220103013
}